{"colsample_bytree": 0.776109478903095, "learning_rate": 0.0920575817308335, "max_depth": 6, "min_child_weight": 5, "n_estimators": 1901, "reg_alpha": 1.4673710871589738, "reg_lambda": 6.838631272808414, "subsample": 0.9258347220957611, "n_iter": 50, "n_splits": 5}