{"colsample_bytree": 1.0, "learning_rate": 0.09886380326959153, "max_depth": 10, "min_child_weight": 10, "n_estimators": 3000, "reg_alpha": 8.039971919724495, "reg_lambda": 10.0, "subsample": 0.9577723344591196, "n_iter": 50, "n_splits": 5}