{"colsample_bytree": 1.0, "learning_rate": 0.09300984485272748, "max_depth": 7, "min_child_weight": 8, "n_estimators": 3000, "reg_alpha": 10.0, "reg_lambda": 2.39908583237243, "subsample": 0.8789535286342893, "n_iter": 50, "n_splits": 5}