{"colsample_bytree": 1.0, "learning_rate": 0.09051767363578557, "max_depth": 10, "min_child_weight": 10, "n_estimators": 569, "reg_alpha": 10.0, "reg_lambda": 10.0, "subsample": 0.958602912882448, "n_iter": 50, "n_splits": 5}