{"colsample_bytree": 1.0, "learning_rate": 0.069187091171706, "max_depth": 7, "min_child_weight": 1, "n_estimators": 1083, "reg_alpha": 0.0, "reg_lambda": 1.2937298198463747, "subsample": 0.6094821509562404, "n_iter": 50, "n_splits": 5}