{"colsample_bytree": 0.7, "learning_rate": 0.15740365555192368, "max_depth": 10, "min_child_weight": 1, "n_estimators": 100, "reg_alpha": 2.3635209213786545, "reg_lambda": 1.0, "subsample": 0.9141010807137631, "n_iter": 50, "n_splits": 5}